mean_fit_time,std_fit_time,mean_score_time,std_score_time,param_classifier__colsample_bytree,param_classifier__learning_rate,param_classifier__max_depth,param_classifier__min_child_weight,param_classifier__n_estimators,param_classifier__objective,param_classifier__subsample,params,split0_test_score,split1_test_score,split2_test_score,split3_test_score,split4_test_score,mean_test_score,std_test_score,rank_test_score
4.266203212738037,0.0917793196243332,0.022205495834350587,0.007492599745637806,0.7,0.01,6,1,500,reg:squarederror,0.8,"{'classifier__colsample_bytree': 0.7, 'classifier__learning_rate': 0.01, 'classifier__max_depth': 6, 'classifier__min_child_weight': 1, 'classifier__n_estimators': 500, 'classifier__objective': 'reg:squarederror', 'classifier__subsample': 0.8}",0.956842962631942,0.9062981863529125,0.8839011015541232,0.8860330656564055,0.8718278129394889,0.9009806258269745,0.03004630868160377,40
3.5218099117279054,1.1162719604406994,0.019999933242797852,0.006098816397023698,0.7,0.01,6,1,500,reg:squarederror,0.9,"{'classifier__colsample_bytree': 0.7, 'classifier__learning_rate': 0.01, 'classifier__max_depth': 6, 'classifier__min_child_weight': 1, 'classifier__n_estimators': 500, 'classifier__objective': 'reg:squarederror', 'classifier__subsample': 0.9}",0.9563194078688502,0.8990799939876205,0.8847105571339876,0.8873047548238996,0.8836726606654035,0.9022174748959522,0.02760309570382005,28
1.5884003639221191,0.1094809746014526,0.023799705505371093,0.007492652862024896,0.7,0.01,6,2,500,reg:squarederror,0.8,"{'classifier__colsample_bytree': 0.7, 'classifier__learning_rate': 0.01, 'classifier__max_depth': 6, 'classifier__min_child_weight': 2, 'classifier__n_estimators': 500, 'classifier__objective': 'reg:squarederror', 'classifier__subsample': 0.8}",0.9576768208049196,0.9084905687645669,0.8759958663240482,0.8861845575826166,0.8743771588291924,0.9005449944610687,0.031050974843573245,43
1.7347997188568116,0.062216898723930936,0.026400089263916016,0.014346946759083087,0.7,0.01,6,2,500,reg:squarederror,0.9,"{'classifier__colsample_bytree': 0.7, 'classifier__learning_rate': 0.01, 'classifier__max_depth': 6, 'classifier__min_child_weight': 2, 'classifier__n_estimators': 500, 'classifier__objective': 'reg:squarederror', 'classifier__subsample': 0.9}",0.9580386566159805,0.8998757318423383,0.885865107473517,0.8812808805339429,0.8814196884699393,0.9012960129871436,0.02917372603190183,36
1.7509043216705322,0.11820668178532862,0.01659989356994629,0.0008003124545630723,0.7,0.01,6,3,500,reg:squarederror,0.8,"{'classifier__colsample_bytree': 0.7, 'classifier__learning_rate': 0.01, 'classifier__max_depth': 6, 'classifier__min_child_weight': 3, 'classifier__n_estimators': 500, 'classifier__objective': 'reg:squarederror', 'classifier__subsample': 0.8}",0.9538730364018834,0.9065497640110697,0.8714713678039775,0.8850433015730815,0.8664050749854159,0.8966685089550855,0.03179910051052664,66
1.9529164791107179,0.03442940984745645,0.02019977569580078,0.003762943123912557,0.7,0.01,6,3,500,reg:squarederror,0.9,"{'classifier__colsample_bytree': 0.7, 'classifier__learning_rate': 0.01, 'classifier__max_depth': 6, 'classifier__min_child_weight': 3, 'classifier__n_estimators': 500, 'classifier__objective': 'reg:squarederror', 'classifier__subsample': 0.9}",0.954523248739864,0.9015715848283486,0.8803076340919477,0.8820145925727135,0.8804777813378097,0.8997789683141366,0.02852154075034337,50
2.0522063255310057,0.21100840362758644,0.016800498962402342,0.0004001144146181762,0.7,0.01,7,1,500,reg:squarederror,0.8,"{'classifier__colsample_bytree': 0.7, 'classifier__learning_rate': 0.01, 'classifier__max_depth': 7, 'classifier__min_child_weight': 1, 'classifier__n_estimators': 500, 'classifier__objective': 'reg:squarederror', 'classifier__subsample': 0.8}",0.9570775818956889,0.9055907907426333,0.8824192999002405,0.8862393843952063,0.8713930634742506,0.9005440240816039,0.030346070125764207,44
2.1210000038146974,0.06585118965432385,0.016599750518798827,0.0008003594528604173,0.7,0.01,7,1,500,reg:squarederror,0.9,"{'classifier__colsample_bytree': 0.7, 'classifier__learning_rate': 0.01, 'classifier__max_depth': 7, 'classifier__min_child_weight': 1, 'classifier__n_estimators': 500, 'classifier__objective': 'reg:squarederror', 'classifier__subsample': 0.9}",0.956567930359861,0.8987420047497648,0.8836290952344629,0.88641885594429,0.8813676094970458,0.9013450991570849,0.028256280049201634,34
2.033000183105469,0.092613197516367,0.018600273132324218,0.004223386658385586,0.7,0.01,7,2,500,reg:squarederror,0.8,"{'classifier__colsample_bytree': 0.7, 'classifier__learning_rate': 0.01, 'classifier__max_depth': 7, 'classifier__min_child_weight': 2, 'classifier__n_estimators': 500, 'classifier__objective': 'reg:squarederror', 'classifier__subsample': 0.8}",0.9586010865158688,0.9085987693832158,0.8737087039953613,0.883546043934565,0.8726146788128848,0.8994138565283791,0.03230550754044181,55
2.104056406021118,0.08247793033824181,0.0167996883392334,0.0017211389567981226,0.7,0.01,7,2,500,reg:squarederror,0.9,"{'classifier__colsample_bytree': 0.7, 'classifier__learning_rate': 0.01, 'classifier__max_depth': 7, 'classifier__min_child_weight': 2, 'classifier__n_estimators': 500, 'classifier__objective': 'reg:squarederror', 'classifier__subsample': 0.9}",0.9584085841901585,0.899826689102826,0.885388411097897,0.8804628308227136,0.8813299527798037,0.9010832935986798,0.029494051236042627,39
1.919111728668213,0.10391739800023578,0.017800092697143555,0.002226233571089573,0.7,0.01,7,3,500,reg:squarederror,0.8,"{'classifier__colsample_bytree': 0.7, 'classifier__learning_rate': 0.01, 'classifier__max_depth': 7, 'classifier__min_child_weight': 3, 'classifier__n_estimators': 500, 'classifier__objective': 'reg:squarederror', 'classifier__subsample': 0.8}",0.9540278788426092,0.90749833906507,0.8713615413364544,0.8840449189627745,0.8688498888421641,0.8971565134098144,0.03155904007316182,64
2.0340575695037844,0.068948531997572,0.017798900604248047,0.0011662206425019272,0.7,0.01,7,3,500,reg:squarederror,0.9,"{'classifier__colsample_bytree': 0.7, 'classifier__learning_rate': 0.01, 'classifier__max_depth': 7, 'classifier__min_child_weight': 3, 'classifier__n_estimators': 500, 'classifier__objective': 'reg:squarederror', 'classifier__subsample': 0.9}",0.9547077853470899,0.902049496677688,0.8791050023791341,0.8800472742109409,0.8790993295747958,0.8990017776379297,0.02920174717720436,58
2.5828002452850343,0.06094420415213284,0.017199945449829102,0.0011661879890957898,0.7,0.01,8,1,500,reg:squarederror,0.8,"{'classifier__colsample_bytree': 0.7, 'classifier__learning_rate': 0.01, 'classifier__max_depth': 8, 'classifier__min_child_weight': 1, 'classifier__n_estimators': 500, 'classifier__objective': 'reg:squarederror', 'classifier__subsample': 0.8}",0.957132871201854,0.9055636634937919,0.8813572729718135,0.8860520136043303,0.8714576768823791,0.9003126996308337,0.0305004662995047,47
2.573999357223511,0.09058718159108974,0.018200111389160157,0.0029927585468135323,0.7,0.01,8,1,500,reg:squarederror,0.9,"{'classifier__colsample_bytree': 0.7, 'classifier__learning_rate': 0.01, 'classifier__max_depth': 8, 'classifier__min_child_weight': 1, 'classifier__n_estimators': 500, 'classifier__objective': 'reg:squarederror', 'classifier__subsample': 0.9}",0.9569562039622066,0.8988711848312372,0.8835752632065457,0.8867201145481403,0.8805706720861248,0.9013386877268509,0.02849543503389011,35
2.1057992935180665,0.06581071082688927,0.01620030403137207,0.00039994757505870703,0.7,0.01,8,2,500,reg:squarederror,0.8,"{'classifier__colsample_bytree': 0.7, 'classifier__learning_rate': 0.01, 'classifier__max_depth': 8, 'classifier__min_child_weight': 2, 'classifier__n_estimators': 500, 'classifier__objective': 'reg:squarederror', 'classifier__subsample': 0.8}",0.9581910407969761,0.9084951357678014,0.8722021180071933,0.8832862526730973,0.8727629983041743,0.8989875091098485,0.032394952465183494,60
2.7138649940490724,0.24944626124016825,0.020000219345092773,0.0021907754990920744,0.7,0.01,8,2,500,reg:squarederror,0.9,"{'classifier__colsample_bytree': 0.7, 'classifier__learning_rate': 0.01, 'classifier__max_depth': 8, 'classifier__min_child_weight': 2, 'classifier__n_estimators': 500, 'classifier__objective': 'reg:squarederror', 'classifier__subsample': 0.9}",0.9585664209218786,0.8988410317367874,0.8834850120174891,0.8798769985883494,0.8809820401466693,0.9003503006822348,0.02990022784211717,46
2.9085268497467043,0.2582848332782933,0.017599773406982423,0.001356184912142788,0.7,0.01,8,3,500,reg:squarederror,0.8,"{'classifier__colsample_bytree': 0.7, 'classifier__learning_rate': 0.01, 'classifier__max_depth': 8, 'classifier__min_child_weight': 3, 'classifier__n_estimators': 500, 'classifier__objective': 'reg:squarederror', 'classifier__subsample': 0.8}",0.9540664444619823,0.907138892623843,0.8708541895317075,0.8835828680804872,0.8690469750729016,0.8969378739541843,0.03163653383513102,65
3.7888283252716066,0.26392405019211834,0.03279986381530762,0.01499940249071658,0.7,0.01,8,3,500,reg:squarederror,0.9,"{'classifier__colsample_bytree': 0.7, 'classifier__learning_rate': 0.01, 'classifier__max_depth': 8, 'classifier__min_child_weight': 3, 'classifier__n_estimators': 500, 'classifier__objective': 'reg:squarederror', 'classifier__subsample': 0.9}",0.9546897750474296,0.9026217863386955,0.8766866074652838,0.8801839934478538,0.880765926565941,0.8989896177730408,0.029321933309864413,59
3.7284497737884523,0.5933273056013902,0.019401025772094727,0.0035556451128799806,0.7,0.015,6,1,500,reg:squarederror,0.8,"{'classifier__colsample_bytree': 0.7, 'classifier__learning_rate': 0.015, 'classifier__max_depth': 6, 'classifier__min_child_weight': 1, 'classifier__n_estimators': 500, 'classifier__objective': 'reg:squarederror', 'classifier__subsample': 0.8}",0.9588252512752867,0.9055601305934121,0.8897819144157477,0.8917856894910721,0.8732063006517228,0.9038318572854482,0.029351988291924157,16
2.684020757675171,0.1442650717039794,0.019598627090454103,0.00440979398503259,0.7,0.015,6,1,500,reg:squarederror,0.9,"{'classifier__colsample_bytree': 0.7, 'classifier__learning_rate': 0.015, 'classifier__max_depth': 6, 'classifier__min_child_weight': 1, 'classifier__n_estimators': 500, 'classifier__objective': 'reg:squarederror', 'classifier__subsample': 0.9}",0.9573337873301601,0.9031877078045497,0.8855943349625652,0.8914290005460498,0.8883101506004986,0.9051709962487647,0.026762908793466107,5
3.624348020553589,0.052877591006001666,0.01940016746520996,0.0016236277046683286,0.7,0.015,6,2,500,reg:squarederror,0.8,"{'classifier__colsample_bytree': 0.7, 'classifier__learning_rate': 0.015, 'classifier__max_depth': 6, 'classifier__min_child_weight': 2, 'classifier__n_estimators': 500, 'classifier__objective': 'reg:squarederror', 'classifier__subsample': 0.8}",0.9585503138180531,0.9111126681583904,0.8784074796531487,0.8907926650885363,0.8632942701058114,0.9004314793647881,0.033012186621749234,45
3.092950963973999,0.5902266568850191,0.01801018714904785,0.0006328566596026058,0.7,0.015,6,2,500,reg:squarederror,0.9,"{'classifier__colsample_bytree': 0.7, 'classifier__learning_rate': 0.015, 'classifier__max_depth': 6, 'classifier__min_child_weight': 2, 'classifier__n_estimators': 500, 'classifier__objective': 'reg:squarederror', 'classifier__subsample': 0.9}",0.9577115102672062,0.8990669349562082,0.8927421658112981,0.8861523009511464,0.8853906782369901,0.9042127180445698,0.027205224753771264,13
2.6189996719360353,0.29457448760932875,0.021000242233276366,0.0037407875747875164,0.7,0.015,6,3,500,reg:squarederror,0.8,"{'classifier__colsample_bytree': 0.7, 'classifier__learning_rate': 0.015, 'classifier__max_depth': 6, 'classifier__min_child_weight': 3, 'classifier__n_estimators': 500, 'classifier__objective': 'reg:squarederror', 'classifier__subsample': 0.8}",0.9544277852288283,0.909250695901938,0.8687722033290917,0.8854198179225294,0.8590723156565812,0.8953885636077936,0.03407187928962854,70
3.21604585647583,0.10887493678292022,0.017600202560424806,0.00101965522204355,0.7,0.015,6,3,500,reg:squarederror,0.9,"{'classifier__colsample_bytree': 0.7, 'classifier__learning_rate': 0.015, 'classifier__max_depth': 6, 'classifier__min_child_weight': 3, 'classifier__n_estimators': 500, 'classifier__objective': 'reg:squarederror', 'classifier__subsample': 0.9}",0.9542539433206733,0.9007883715141578,0.8836269136566423,0.8870768176798246,0.8824294380226094,0.9016350968387815,0.02710924356382915,31
3.167399835586548,0.24769851189011435,0.017600345611572265,0.0004901173322726751,0.7,0.015,7,1,500,reg:squarederror,0.8,"{'classifier__colsample_bytree': 0.7, 'classifier__learning_rate': 0.015, 'classifier__max_depth': 7, 'classifier__min_child_weight': 1, 'classifier__n_estimators': 500, 'classifier__objective': 'reg:squarederror', 'classifier__subsample': 0.8}",0.9577110357876107,0.9037604048749284,0.8843769239444998,0.8929457455056202,0.8729660966638569,0.9023520413553033,0.029467672949564025,27
3.1232001304626467,0.14113559407074075,0.01860013008117676,0.0008002045096818818,0.7,0.015,7,1,500,reg:squarederror,0.9,"{'classifier__colsample_bytree': 0.7, 'classifier__learning_rate': 0.015, 'classifier__max_depth': 7, 'classifier__min_child_weight': 1, 'classifier__n_estimators': 500, 'classifier__objective': 'reg:squarederror', 'classifier__subsample': 0.9}",0.9573624125664367,0.900353594809016,0.8831694429911905,0.8921010036971715,0.8883492671764184,0.9042671442480467,0.02713274837427363,12
3.0003989696502686,0.09459022473290624,0.01800088882446289,0.0006323344620646838,0.7,0.015,7,2,500,reg:squarederror,0.8,"{'classifier__colsample_bytree': 0.7, 'classifier__learning_rate': 0.015, 'classifier__max_depth': 7, 'classifier__min_child_weight': 2, 'classifier__n_estimators': 500, 'classifier__objective': 'reg:squarederror', 'classifier__subsample': 0.8}",0.9588730012585014,0.9135530740897017,0.8736543421709374,0.8900171092025804,0.8609138482833711,0.8994022750010184,0.03455259402628692,56
3.003199815750122,0.13294047526660024,0.01979961395263672,0.0031242611956042586,0.7,0.015,7,2,500,reg:squarederror,0.9,"{'classifier__colsample_bytree': 0.7, 'classifier__learning_rate': 0.015, 'classifier__max_depth': 7, 'classifier__min_child_weight': 2, 'classifier__n_estimators': 500, 'classifier__objective': 'reg:squarederror', 'classifier__subsample': 0.9}",0.9578589761645808,0.8999475583022695,0.8890604384746426,0.8878205228384348,0.8867313877643921,0.9042837767088641,0.02720286712625439,11
3.078400230407715,0.01936584202570395,0.01719951629638672,0.001469515961948785,0.7,0.015,7,3,500,reg:squarederror,0.8,"{'classifier__colsample_bytree': 0.7, 'classifier__learning_rate': 0.015, 'classifier__max_depth': 7, 'classifier__min_child_weight': 3, 'classifier__n_estimators': 500, 'classifier__objective': 'reg:squarederror', 'classifier__subsample': 0.8}",0.954203523734969,0.9094265997313083,0.8723153965570373,0.885748273311668,0.8615930810399484,0.8966573748749862,0.0329109630960468,67
2.69679970741272,0.13260841204093882,0.017000675201416016,0.0006327868581406474,0.7,0.015,7,3,500,reg:squarederror,0.9,"{'classifier__colsample_bytree': 0.7, 'classifier__learning_rate': 0.015, 'classifier__max_depth': 7, 'classifier__min_child_weight': 3, 'classifier__n_estimators': 500, 'classifier__objective': 'reg:squarederror', 'classifier__subsample': 0.9}",0.954087659350028,0.9015555081212742,0.8794807200510417,0.8866180475630467,0.8826065484279354,0.9008696967026653,0.027665004232586877,41
3.4806002140045167,0.17691965199730725,0.02360057830810547,0.009973395541297732,0.7,0.015,8,1,500,reg:squarederror,0.8,"{'classifier__colsample_bytree': 0.7, 'classifier__learning_rate': 0.015, 'classifier__max_depth': 8, 'classifier__min_child_weight': 1, 'classifier__n_estimators': 500, 'classifier__objective': 'reg:squarederror', 'classifier__subsample': 0.8}",0.9571464871516098,0.9036824416160425,0.8856134053729404,0.8925584480149559,0.8731826652553727,0.9024366894821843,0.029089910056844706,26
3.770800304412842,0.11668476944275401,0.023799705505371093,0.011142224014344407,0.7,0.015,8,1,500,reg:squarederror,0.9,"{'classifier__colsample_bytree': 0.7, 'classifier__learning_rate': 0.015, 'classifier__max_depth': 8, 'classifier__min_child_weight': 1, 'classifier__n_estimators': 500, 'classifier__objective': 'reg:squarederror', 'classifier__subsample': 0.9}",0.9580101323373007,0.9019707098814407,0.8800610883831734,0.892534721873959,0.8875171730569703,0.9040187651065688,0.027919234691414694,15
3.0831995487213133,0.0912060373596064,0.01779932975769043,0.001599842334989779,0.7,0.015,8,2,500,reg:squarederror,0.8,"{'classifier__colsample_bytree': 0.7, 'classifier__learning_rate': 0.015, 'classifier__max_depth': 8, 'classifier__min_child_weight': 2, 'classifier__n_estimators': 500, 'classifier__objective': 'reg:squarederror', 'classifier__subsample': 0.8}",0.9594688518633715,0.9123790266617599,0.8717321397898169,0.8896463360369595,0.8623267271621199,0.8991106163028055,0.0346738385266915,57
3.061201286315918,0.12985684721917568,0.01859936714172363,0.0012002718118779038,0.7,0.015,8,2,500,reg:squarederror,0.9,"{'classifier__colsample_bytree': 0.7, 'classifier__learning_rate': 0.015, 'classifier__max_depth': 8, 'classifier__min_child_weight': 2, 'classifier__n_estimators': 500, 'classifier__objective': 'reg:squarederror', 'classifier__subsample': 0.9}",0.9578494551445479,0.8988073495740787,0.8883203337580351,0.8862355553787169,0.8869895955231356,0.9036404578757029,0.027484040357063047,19
2.9960000038146974,0.06518627078215763,0.023200511932373047,0.0079855943698484,0.7,0.015,8,3,500,reg:squarederror,0.8,"{'classifier__colsample_bytree': 0.7, 'classifier__learning_rate': 0.015, 'classifier__max_depth': 8, 'classifier__min_child_weight': 3, 'classifier__n_estimators': 500, 'classifier__objective': 'reg:squarederror', 'classifier__subsample': 0.8}",0.9549543855085818,0.909020338320937,0.8691728140421249,0.8865613666507624,0.8623791732635838,0.896417615557198,0.03341682948239687,68
2.9701991081237793,0.03471908967073504,0.018000364303588867,0.0020972385222196048,0.7,0.015,8,3,500,reg:squarederror,0.9,"{'classifier__colsample_bytree': 0.7, 'classifier__learning_rate': 0.015, 'classifier__max_depth': 8, 'classifier__min_child_weight': 3, 'classifier__n_estimators': 500, 'classifier__objective': 'reg:squarederror', 'classifier__subsample': 0.9}",0.9544538621696889,0.9027856781202548,0.8799278282402545,0.8885005901002317,0.8823067183928806,0.9015949354046622,0.02759871277536095,32
2.308400535583496,0.2882612103840617,0.01680026054382324,0.0014698534027282116,0.8,0.01,6,1,500,reg:squarederror,0.8,"{'classifier__colsample_bytree': 0.8, 'classifier__learning_rate': 0.01, 'classifier__max_depth': 6, 'classifier__min_child_weight': 1, 'classifier__n_estimators': 500, 'classifier__objective': 'reg:squarederror', 'classifier__subsample': 0.8}",0.9572081044512719,0.9070971837863936,0.8881164597863249,0.8850508561215696,0.8843699326696177,0.9043685073630355,0.02770094722265408,8
1.966200351715088,0.05796693675295757,0.01659979820251465,0.0012000085344415292,0.8,0.01,6,1,500,reg:squarederror,0.9,"{'classifier__colsample_bytree': 0.8, 'classifier__learning_rate': 0.01, 'classifier__max_depth': 6, 'classifier__min_child_weight': 1, 'classifier__n_estimators': 500, 'classifier__objective': 'reg:squarederror', 'classifier__subsample': 0.9}",0.9556185622683757,0.8985621933107415,0.8879630682439383,0.8872348979512135,0.8930122496804848,0.9044781942909508,0.025891638987454037,7
1.8194001197814942,0.050543539825065965,0.016401243209838868,0.0008000982581741138,0.8,0.01,6,2,500,reg:squarederror,0.8,"{'classifier__colsample_bytree': 0.8, 'classifier__learning_rate': 0.01, 'classifier__max_depth': 6, 'classifier__min_child_weight': 2, 'classifier__n_estimators': 500, 'classifier__objective': 'reg:squarederror', 'classifier__subsample': 0.8}",0.9573029849075294,0.9036280208864254,0.8723930598373547,0.8837747837921128,0.8812653082919417,0.8996728315430728,0.0305700797460569,51
2.00479941368103,0.04641659620994484,0.016800594329833985,0.0007483158740195666,0.8,0.01,6,2,500,reg:squarederror,0.9,"{'classifier__colsample_bytree': 0.8, 'classifier__learning_rate': 0.01, 'classifier__max_depth': 6, 'classifier__min_child_weight': 2, 'classifier__n_estimators': 500, 'classifier__objective': 'reg:squarederror', 'classifier__subsample': 0.9}",0.957344755162205,0.8979789207428811,0.8851034429476919,0.8847503146856174,0.8954701456336231,0.9041295158344036,0.027137505764623187,14
1.7870007514953614,0.06975442941301828,0.016399288177490236,0.000490544395049374,0.8,0.01,6,3,500,reg:squarederror,0.8,"{'classifier__colsample_bytree': 0.8, 'classifier__learning_rate': 0.01, 'classifier__max_depth': 6, 'classifier__min_child_weight': 3, 'classifier__n_estimators': 500, 'classifier__objective': 'reg:squarederror', 'classifier__subsample': 0.8}",0.953621781181575,0.900355381625826,0.8699031928735206,0.8852247338402646,0.8838140429631891,0.8985838264968751,0.029159922739016086,61
1.7264004230499268,0.055142021890076706,0.01699972152709961,0.0012649711799926084,0.8,0.01,6,3,500,reg:squarederror,0.9,"{'classifier__colsample_bytree': 0.8, 'classifier__learning_rate': 0.01, 'classifier__max_depth': 6, 'classifier__min_child_weight': 3, 'classifier__n_estimators': 500, 'classifier__objective': 'reg:squarederror', 'classifier__subsample': 0.9}",0.9544625763345665,0.8997748344242205,0.8768662268857857,0.8872226624485386,0.8906564974958369,0.9017965595177897,0.027334292171115132,30
2.216399812698364,0.03741493944508834,0.018000459671020506,0.0016744533327989605,0.8,0.01,7,1,500,reg:squarederror,0.8,"{'classifier__colsample_bytree': 0.8, 'classifier__learning_rate': 0.01, 'classifier__max_depth': 7, 'classifier__min_child_weight': 1, 'classifier__n_estimators': 500, 'classifier__objective': 'reg:squarederror', 'classifier__subsample': 0.8}",0.9574118541678862,0.9059786408534765,0.88514067542337,0.8863022249196151,0.8831031035672375,0.9035872997863171,0.028147664999963646,20
2.426999568939209,0.12053210727763827,0.017000961303710937,0.0015493586513301459,0.8,0.01,7,1,500,reg:squarederror,0.9,"{'classifier__colsample_bytree': 0.8, 'classifier__learning_rate': 0.01, 'classifier__max_depth': 7, 'classifier__min_child_weight': 1, 'classifier__n_estimators': 500, 'classifier__objective': 'reg:squarederror', 'classifier__subsample': 0.9}",0.9563423604603197,0.8982503458622995,0.8837363832189111,0.8884312465649997,0.892321397896277,0.9038163468005613,0.02669083203813865,17
2.044000196456909,0.1333043268079643,0.022600936889648437,0.0070609733395627285,0.8,0.01,7,2,500,reg:squarederror,0.8,"{'classifier__colsample_bytree': 0.8, 'classifier__learning_rate': 0.01, 'classifier__max_depth': 7, 'classifier__min_child_weight': 2, 'classifier__n_estimators': 500, 'classifier__objective': 'reg:squarederror', 'classifier__subsample': 0.8}",0.9580704941673491,0.9032139681051148,0.87167995811946,0.8840793997512679,0.8803054554227789,0.8994698551131941,0.03106274935132243,54
2.0866010189056396,0.07470618234571538,0.0165987491607666,0.0007994416557754612,0.8,0.01,7,2,500,reg:squarederror,0.9,"{'classifier__colsample_bytree': 0.8, 'classifier__learning_rate': 0.01, 'classifier__max_depth': 7, 'classifier__min_child_weight': 2, 'classifier__n_estimators': 500, 'classifier__objective': 'reg:squarederror', 'classifier__subsample': 0.9}",0.9578606271361634,0.8984113631674364,0.8830384987105409,0.8837088523486936,0.8948203924025167,0.9035679467530702,0.02780880102437026,21
1.8590007781982423,0.19008412448762965,0.021199893951416016,0.009906999209757433,0.8,0.01,7,3,500,reg:squarederror,0.8,"{'classifier__colsample_bytree': 0.8, 'classifier__learning_rate': 0.01, 'classifier__max_depth': 7, 'classifier__min_child_weight': 3, 'classifier__n_estimators': 500, 'classifier__objective': 'reg:squarederror', 'classifier__subsample': 0.8}",0.9535747100523139,0.9010508086601304,0.8681051765516505,0.8844166401020733,0.8837666218274075,0.8981827914387152,0.02959218125335733,62
2.02760009765625,0.07176191182960863,0.017199611663818358,0.002134332008062066,0.8,0.01,7,3,500,reg:squarederror,0.9,"{'classifier__colsample_bytree': 0.8, 'classifier__learning_rate': 0.01, 'classifier__max_depth': 7, 'classifier__min_child_weight': 3, 'classifier__n_estimators': 500, 'classifier__objective': 'reg:squarederror', 'classifier__subsample': 0.9}",0.9544834911503968,0.8997709643184179,0.8776510165795782,0.8875096128876785,0.8904203681732386,0.901967090621862,0.027189748854242655,29
3.2941707134246827,0.40366857286344615,0.0218109130859375,0.004618139017258146,0.8,0.01,8,1,500,reg:squarederror,0.8,"{'classifier__colsample_bytree': 0.8, 'classifier__learning_rate': 0.01, 'classifier__max_depth': 8, 'classifier__min_child_weight': 1, 'classifier__n_estimators': 500, 'classifier__objective': 'reg:squarederror', 'classifier__subsample': 0.8}",0.9573455915554496,0.905318651534072,0.8817521141085276,0.8855192142828688,0.8833167194844077,0.902650458193065,0.02864503665585024,25
4.145781183242798,0.3279247731511563,0.019399642944335938,0.0023322368977940324,0.8,0.01,8,1,500,reg:squarederror,0.9,"{'classifier__colsample_bytree': 0.8, 'classifier__learning_rate': 0.01, 'classifier__max_depth': 8, 'classifier__min_child_weight': 1, 'classifier__n_estimators': 500, 'classifier__objective': 'reg:squarederror', 'classifier__subsample': 0.9}",0.9566719986977394,0.8976737295013464,0.8825164369785349,0.8876058632957684,0.890611054740752,0.9030158166428283,0.027273038387255533,22
2.7693169116973877,0.07606597389410025,0.022800588607788087,0.006178214889907232,0.8,0.01,8,2,500,reg:squarederror,0.8,"{'classifier__colsample_bytree': 0.8, 'classifier__learning_rate': 0.01, 'classifier__max_depth': 8, 'classifier__min_child_weight': 2, 'classifier__n_estimators': 500, 'classifier__objective': 'reg:squarederror', 'classifier__subsample': 0.8}",0.9583302579681223,0.903362280720033,0.8713702675085235,0.8841466715743849,0.8807825861796631,0.8995984127901453,0.031155147772008417,52
3.645999813079834,0.6322553393701064,0.0222015380859375,0.0050759729524342025,0.8,0.01,8,2,500,reg:squarederror,0.9,"{'classifier__colsample_bytree': 0.8, 'classifier__learning_rate': 0.01, 'classifier__max_depth': 8, 'classifier__min_child_weight': 2, 'classifier__n_estimators': 500, 'classifier__objective': 'reg:squarederror', 'classifier__subsample': 0.9}",0.9582499132906229,0.8978157143394463,0.880748292696838,0.8839136020886151,0.8936201267817114,0.9028695298394467,0.028378709304145877,23
4.55800609588623,0.5956838928755079,0.022801685333251952,0.003543658022715589,0.8,0.01,8,3,500,reg:squarederror,0.8,"{'classifier__colsample_bytree': 0.8, 'classifier__learning_rate': 0.01, 'classifier__max_depth': 8, 'classifier__min_child_weight': 3, 'classifier__n_estimators': 500, 'classifier__objective': 'reg:squarederror', 'classifier__subsample': 0.8}",0.9535164913718872,0.9010875870580662,0.8666632263842886,0.8841296548830414,0.883150220981264,0.8977094361357094,0.02995358964298264,63
4.068409109115601,0.19736211027055214,0.018199825286865236,0.0011667684236312094,0.8,0.01,8,3,500,reg:squarederror,0.9,"{'classifier__colsample_bytree': 0.8, 'classifier__learning_rate': 0.01, 'classifier__max_depth': 8, 'classifier__min_child_weight': 3, 'classifier__n_estimators': 500, 'classifier__objective': 'reg:squarederror', 'classifier__subsample': 0.9}",0.9543003076035663,0.8999569235765043,0.8757632965560922,0.8868794678835192,0.8902238905893884,0.9014247772418141,0.027544559471997406,33
2.8082003593444824,0.3331675864732172,0.016199922561645506,0.00040013867908155127,0.8,0.015,6,1,500,reg:squarederror,0.8,"{'classifier__colsample_bytree': 0.8, 'classifier__learning_rate': 0.015, 'classifier__max_depth': 6, 'classifier__min_child_weight': 1, 'classifier__n_estimators': 500, 'classifier__objective': 'reg:squarederror', 'classifier__subsample': 0.8}",0.9573295981644145,0.9047423280454044,0.8866577855644053,0.8892044332133455,0.8839073013458043,0.9043682892666748,0.02744921362684913,9
2.534999895095825,0.08167935333467696,0.01840066909790039,0.0028707507535647736,0.8,0.015,6,1,500,reg:squarederror,0.9,"{'classifier__colsample_bytree': 0.8, 'classifier__learning_rate': 0.015, 'classifier__max_depth': 6, 'classifier__min_child_weight': 1, 'classifier__n_estimators': 500, 'classifier__objective': 'reg:squarederror', 'classifier__subsample': 0.9}",0.9584364791216651,0.8972640298452286,0.8841000756105654,0.8933139497653406,0.8980059379141265,0.9062240944513853,0.02657102938562306,2
2.334399175643921,0.07007014678792614,0.017000913619995117,0.000632410447156193,0.8,0.015,6,2,500,reg:squarederror,0.8,"{'classifier__colsample_bytree': 0.8, 'classifier__learning_rate': 0.015, 'classifier__max_depth': 6, 'classifier__min_child_weight': 2, 'classifier__n_estimators': 500, 'classifier__objective': 'reg:squarederror', 'classifier__subsample': 0.8}",0.9583801381205765,0.9052466629651955,0.8708920098908797,0.8900385071636729,0.8809615396878161,0.901103771565628,0.030785210214263427,38
2.171800899505615,0.06891793274203817,0.017999982833862303,0.002898855088732197,0.8,0.015,6,2,500,reg:squarederror,0.9,"{'classifier__colsample_bytree': 0.8, 'classifier__learning_rate': 0.015, 'classifier__max_depth': 6, 'classifier__min_child_weight': 2, 'classifier__n_estimators': 500, 'classifier__objective': 'reg:squarederror', 'classifier__subsample': 0.9}",0.9588786608503695,0.8966105135055362,0.8878444913504001,0.8908209874082169,0.8986846883818804,0.9065678682992807,0.026443303725476076,1
1.9941998958587646,0.12222772295906406,0.01739959716796875,0.0013557630889974295,0.8,0.015,6,3,500,reg:squarederror,0.8,"{'classifier__colsample_bytree': 0.8, 'classifier__learning_rate': 0.015, 'classifier__max_depth': 6, 'classifier__min_child_weight': 3, 'classifier__n_estimators': 500, 'classifier__objective': 'reg:squarederror', 'classifier__subsample': 0.8}",0.9530039670011309,0.9054720201397165,0.8670249359878152,0.8839732455497925,0.8710875172226521,0.8961123371802214,0.03144499094110337,69
2.242199516296387,0.08035043337203084,0.027800226211547853,0.0221126926340438,0.8,0.015,6,3,500,reg:squarederror,0.9,"{'classifier__colsample_bytree': 0.8, 'classifier__learning_rate': 0.015, 'classifier__max_depth': 6, 'classifier__min_child_weight': 3, 'classifier__n_estimators': 500, 'classifier__objective': 'reg:squarederror', 'classifier__subsample': 0.9}",0.952601802237712,0.8947305212038474,0.8741509498143396,0.8918771203514696,0.8925923113447466,0.9011905409904231,0.02674568558361345,37
2.687799263000488,0.09066034819971674,0.0171994686126709,0.0007484056250971927,0.8,0.015,7,1,500,reg:squarederror,0.8,"{'classifier__colsample_bytree': 0.8, 'classifier__learning_rate': 0.015, 'classifier__max_depth': 7, 'classifier__min_child_weight': 1, 'classifier__n_estimators': 500, 'classifier__objective': 'reg:squarederror', 'classifier__subsample': 0.8}",0.9576076924292607,0.9018164957378249,0.8844116744915018,0.8932108071322166,0.8817001666421979,0.9037493672866004,0.02784108489775093,18
2.6118072986602785,0.14985197270609973,0.01739974021911621,0.0014954585352754295,0.8,0.015,7,1,500,reg:squarederror,0.9,"{'classifier__colsample_bytree': 0.8, 'classifier__learning_rate': 0.015, 'classifier__max_depth': 7, 'classifier__min_child_weight': 1, 'classifier__n_estimators': 500, 'classifier__objective': 'reg:squarederror', 'classifier__subsample': 0.9}",0.957817468830672,0.8967947616835322,0.8804775562117663,0.8951160977402298,0.8949645314810231,0.9050340831894447,0.02704351139483619,6
2.6557179927825927,0.08660669149714875,0.018200016021728514,0.0011655093895165949,0.8,0.015,7,2,500,reg:squarederror,0.8,"{'classifier__colsample_bytree': 0.8, 'classifier__learning_rate': 0.015, 'classifier__max_depth': 7, 'classifier__min_child_weight': 2, 'classifier__n_estimators': 500, 'classifier__objective': 'reg:squarederror', 'classifier__subsample': 0.8}",0.9586597685840779,0.9073540996087505,0.8682959303756709,0.887296515367707,0.8781736687265869,0.8999559965325588,0.03205606600714206,49
2.6793033123016357,0.0800972483374778,0.017600107192993163,0.0024166038982773854,0.8,0.015,7,2,500,reg:squarederror,0.9,"{'classifier__colsample_bytree': 0.8, 'classifier__learning_rate': 0.015, 'classifier__max_depth': 7, 'classifier__min_child_weight': 2, 'classifier__n_estimators': 500, 'classifier__objective': 'reg:squarederror', 'classifier__subsample': 0.9}",0.958042000178284,0.8958850367562412,0.8847209317638236,0.8895847202855902,0.8998586351822295,0.9056182648332337,0.02672051709910752,3
2.1320003032684327,0.09353731347944101,0.0174008846282959,0.00233313174647121,0.8,0.015,7,3,500,reg:squarederror,0.8,"{'classifier__colsample_bytree': 0.8, 'classifier__learning_rate': 0.015, 'classifier__max_depth': 7, 'classifier__min_child_weight': 3, 'classifier__n_estimators': 500, 'classifier__objective': 'reg:squarederror', 'classifier__subsample': 0.8}",0.9538658809396309,0.9060797647781551,0.862603553609035,0.883427044255297,0.870121131494334,0.8952194750152904,0.032833316681322666,72
1.8896000385284424,0.05543105907504048,0.016399955749511717,0.0004899021946596267,0.8,0.015,7,3,500,reg:squarederror,0.9,"{'classifier__colsample_bytree': 0.8, 'classifier__learning_rate': 0.015, 'classifier__max_depth': 7, 'classifier__min_child_weight': 3, 'classifier__n_estimators': 500, 'classifier__objective': 'reg:squarederror', 'classifier__subsample': 0.9}",0.9527176485682837,0.8946292845623711,0.8738013659810501,0.8889901244957344,0.8926505004385323,0.9005577848091944,0.02708520024772395,42
2.7508009910583495,0.23919848609297376,0.020000505447387695,0.0020964884785637954,0.8,0.015,8,1,500,reg:squarederror,0.8,"{'classifier__colsample_bytree': 0.8, 'classifier__learning_rate': 0.015, 'classifier__max_depth': 8, 'classifier__min_child_weight': 1, 'classifier__n_estimators': 500, 'classifier__objective': 'reg:squarederror', 'classifier__subsample': 0.8}",0.9575499816985495,0.9021120630807162,0.8815897523367915,0.8924601090423783,0.8805103885820083,0.9028444589480887,0.028466255806906943,24
3.312200117111206,0.12718859274798736,0.01739950180053711,0.000490018902434991,0.8,0.015,8,1,500,reg:squarederror,0.9,"{'classifier__colsample_bytree': 0.8, 'classifier__learning_rate': 0.015, 'classifier__max_depth': 8, 'classifier__min_child_weight': 1, 'classifier__n_estimators': 500, 'classifier__objective': 'reg:squarederror', 'classifier__subsample': 0.9}",0.9572130977462214,0.8967275311281958,0.8784820451248126,0.8952017560312165,0.8940670298197592,0.9043382919700411,0.027244042954389834,10
2.905199384689331,0.11967518363567954,0.021201038360595705,0.002399392994499002,0.8,0.015,8,2,500,reg:squarederror,0.8,"{'classifier__colsample_bytree': 0.8, 'classifier__learning_rate': 0.015, 'classifier__max_depth': 8, 'classifier__min_child_weight': 2, 'classifier__n_estimators': 500, 'classifier__objective': 'reg:squarederror', 'classifier__subsample': 0.8}",0.9584840593121579,0.9064694623941192,0.865877613169709,0.8882908808891308,0.8783142985272993,0.8994872628584833,0.03235006968192526,53
3.1515999317169188,0.12485945915734153,0.021400070190429686,0.007310365752791147,0.8,0.015,8,2,500,reg:squarederror,0.9,"{'classifier__colsample_bytree': 0.8, 'classifier__learning_rate': 0.015, 'classifier__max_depth': 8, 'classifier__min_child_weight': 2, 'classifier__n_estimators': 500, 'classifier__objective': 'reg:squarederror', 'classifier__subsample': 0.9}",0.9575444641435078,0.8964264044485591,0.8848078222781168,0.8892092363803733,0.8984284166799976,0.9052832687861109,0.02658677871031733,4
2.6362001419067385,0.031339334833302895,0.024001073837280274,0.010276179069561379,0.8,0.015,8,3,500,reg:squarederror,0.8,"{'classifier__colsample_bytree': 0.8, 'classifier__learning_rate': 0.015, 'classifier__max_depth': 8, 'classifier__min_child_weight': 3, 'classifier__n_estimators': 500, 'classifier__objective': 'reg:squarederror', 'classifier__subsample': 0.8}",0.9534195403024872,0.9074023094003653,0.8628652894634825,0.8829183465960254,0.8700111572394593,0.8953233286003639,0.032769453744143535,71
2.311400318145752,0.136614678305824,0.019600677490234374,0.0023336755306111673,0.8,0.015,8,3,500,reg:squarederror,0.9,"{'classifier__colsample_bytree': 0.8, 'classifier__learning_rate': 0.015, 'classifier__max_depth': 8, 'classifier__min_child_weight': 3, 'classifier__n_estimators': 500, 'classifier__objective': 'reg:squarederror', 'classifier__subsample': 0.9}",0.9525123074456032,0.8944155799386498,0.8709853565634942,0.8906625029350763,0.8916317252827625,0.9000414944331172,0.027523756933498202,48
